true_category,predicted_category,confusion_count
virtual_card_not_working,get_disposable_virtual_card,5
transfer_fee_charged,top_up_by_bank_transfer_charge,4
wrong_amount_of_cash_received,declined_cash_withdrawal,4
pin_blocked,get_physical_card,3
card_delivery_estimate,order_physical_card,3
transfer_timing,pending_transfer,3
transfer_not_received_by_recipient,balance_not_updated_after_bank_transfer,3
unable_to_verify_identity,why_verify_identity,3
cash_withdrawal_charge,cash_withdrawal_not_recognised,2
card_linking,order_physical_card,2
card_delivery_estimate,country_support,2
card_payment_wrong_exchange_rate,exchange_rate,2
card_payment_fee_charged,transfer_fee_charged,2
cash_withdrawal_not_recognised,compromised_card,2
declined_cash_withdrawal,beneficiary_not_allowed,2
declined_card_payment,declined_transfer,2
cash_withdrawal_not_recognised,wrong_amount_of_cash_received,2
top_up_reverted,top_up_failed,2
topping_up_by_card,verify_source_of_funds,2
wrong_exchange_rate_for_cash_withdrawal,cash_withdrawal_charge,2
