category,precision,recall,f1-score,support
Refund_not_showing_up,1.0,0.9666666666666667,0.9830508474576272,30.0
activate_my_card,0.9310344827586207,0.9,0.9152542372881356,30.0
age_limit,1.0,0.9545454545454546,0.9767441860465116,22.0
apple_pay_or_google_pay,1.0,1.0,1.0,25.0
atm_support,0.9,0.9473684210526315,0.9230769230769231,19.0
automatic_top_up,1.0,0.96,0.9795918367346939,25.0
balance_not_updated_after_bank_transfer,0.8709677419354839,0.84375,0.8571428571428571,32.0
balance_not_updated_after_cheque_or_cash_deposit,0.9117647058823529,0.9393939393939394,0.9253731343283582,33.0
beneficiary_not_allowed,0.9375,1.0,0.967741935483871,30.0
cancel_transfer,1.0,1.0,1.0,29.0
card_about_to_expire,1.0,0.96,0.9795918367346939,25.0
card_acceptance,0.9375,1.0,0.967741935483871,15.0
card_arrival,0.9032258064516129,0.9655172413793104,0.9333333333333333,29.0
card_delivery_estimate,0.9047619047619048,0.8260869565217391,0.8636363636363636,23.0
card_linking,0.9629629629629629,0.9629629629629629,0.9629629629629629,27.0
card_not_working,0.95,0.8260869565217391,0.8837209302325582,23.0
card_payment_fee_charged,0.85,1.0,0.918918918918919,34.0
card_payment_not_recognised,0.8666666666666667,0.8387096774193549,0.8524590163934426,31.0
card_payment_wrong_exchange_rate,0.8888888888888888,0.7741935483870968,0.8275862068965517,31.0
card_swallowed,1.0,0.9333333333333333,0.9655172413793104,15.0
cash_withdrawal_charge,0.9375,0.9375,0.9375,32.0
cash_withdrawal_not_recognised,1.0,0.8333333333333334,0.9090909090909091,30.0
change_pin,0.96,1.0,0.9795918367346939,24.0
compromised_card,0.7142857142857143,0.8333333333333334,0.7692307692307693,18.0
contactless_not_working,1.0,0.8181818181818182,0.9,11.0
country_support,0.9583333333333334,0.92,0.9387755102040817,25.0
declined_card_payment,0.9310344827586207,0.9310344827586207,0.9310344827586207,29.0
declined_cash_withdrawal,0.8888888888888888,1.0,0.9411764705882353,32.0
declined_transfer,0.9545454545454546,0.8076923076923077,0.875,26.0
direct_debit_payment_not_recognised,0.9032258064516129,0.8235294117647058,0.8615384615384616,34.0
disposable_card_limits,1.0,0.8333333333333334,0.9090909090909091,24.0
edit_personal_details,1.0,1.0,1.0,24.0
exchange_charge,1.0,0.875,0.9333333333333333,24.0
exchange_rate,0.8846153846153846,1.0,0.9387755102040817,23.0
exchange_via_app,0.92,1.0,0.9583333333333334,23.0
extra_charge_on_statement,0.9655172413793104,0.9032258064516129,0.9333333333333333,31.0
failed_transfer,0.8,0.9230769230769231,0.8571428571428571,26.0
fiat_currency_support,0.9545454545454546,0.84,0.8936170212765957,25.0
get_disposable_virtual_card,0.9090909090909091,1.0,0.9523809523809523,20.0
get_physical_card,1.0,0.9545454545454546,0.9767441860465116,22.0
getting_spare_card,0.896551724137931,1.0,0.9454545454545454,26.0
getting_virtual_card,0.95,0.95,0.95,20.0
lost_or_stolen_card,0.8095238095238095,0.9444444444444444,0.8717948717948718,18.0
lost_or_stolen_phone,1.0,1.0,1.0,24.0
order_physical_card,0.8571428571428571,1.0,0.9230769230769231,24.0
passcode_forgotten,1.0,1.0,1.0,22.0
pending_card_payment,0.8,0.9333333333333333,0.8615384615384616,30.0
pending_cash_withdrawal,0.9615384615384616,0.9259259259259259,0.9433962264150944,27.0
pending_top_up,0.8518518518518519,0.7931034482758621,0.8214285714285714,29.0
pending_transfer,0.9565217391304348,0.7857142857142857,0.8627450980392157,28.0
pin_blocked,1.0,1.0,1.0,23.0
receiving_money,0.9130434782608695,1.0,0.9545454545454546,21.0
request_refund,0.9696969696969697,1.0,0.9846153846153847,32.0
reverted_card_payment?,0.9310344827586207,0.9,0.9152542372881356,30.0
supported_cards_and_currencies,0.8518518518518519,0.8846153846153846,0.8679245283018868,26.0
terminate_account,1.0,1.0,1.0,22.0
top_up_by_bank_transfer_charge,0.9565217391304348,1.0,0.9777777777777777,22.0
top_up_by_card_charge,1.0,0.9130434782608695,0.9545454545454546,23.0
top_up_by_cash_or_cheque,0.9523809523809523,0.8695652173913043,0.9090909090909091,23.0
top_up_failed,0.8148148148148148,0.7857142857142857,0.8,28.0
top_up_limits,1.0,1.0,1.0,20.0
top_up_reverted,0.8620689655172413,0.8928571428571429,0.8771929824561403,28.0
topping_up_by_card,0.7142857142857143,0.9090909090909091,0.8,22.0
transaction_charged_twice,0.9705882352941176,1.0,0.9850746268656716,33.0
transfer_fee_charged,1.0,0.96875,0.9841269841269841,32.0
transfer_into_account,0.9090909090909091,0.8695652173913043,0.8888888888888888,23.0
transfer_not_received_by_recipient,0.8235294117647058,0.875,0.8484848484848485,32.0
transfer_timing,0.7777777777777778,0.84,0.8076923076923077,25.0
unable_to_verify_identity,1.0,0.8636363636363636,0.926829268292683,22.0
verify_my_identity,0.8076923076923077,1.0,0.8936170212765957,21.0
verify_source_of_funds,0.9583333333333334,1.0,0.9787234042553191,23.0
verify_top_up,1.0,1.0,1.0,25.0
virtual_card_not_working,1.0,1.0,1.0,12.0
visa_or_mastercard,0.9583333333333334,0.8846153846153846,0.92,26.0
why_verify_identity,0.9565217391304348,0.9166666666666666,0.9361702127659575,24.0
wrong_amount_of_cash_received,1.0,0.9393939393939394,0.96875,33.0
wrong_exchange_rate_for_cash_withdrawal,0.8666666666666667,0.8387096774193549,0.8524590163934426,31.0
