category,distilbert_prediction,error_count
balance_not_updated_after_bank_transfer,transfer_timing,4
pending_transfer,pending_card_payment,4
pending_top_up,top_up_failed,4
direct_debit_payment_not_recognised,card_payment_fee_charged,3
cash_withdrawal_not_recognised,compromised_card,3
declined_transfer,failed_transfer,3
wrong_exchange_rate_for_cash_withdrawal,card_payment_wrong_exchange_rate,3
unable_to_verify_identity,verify_my_identity,3
top_up_failed,top_up_reverted,3
top_up_by_cash_or_cheque,topping_up_by_card,3
card_payment_wrong_exchange_rate,wrong_exchange_rate_for_cash_withdrawal,3
card_delivery_estimate,card_arrival,3
disposable_card_limits,get_disposable_virtual_card,2
why_verify_identity,verify_my_identity,2
extra_charge_on_statement,card_payment_fee_charged,2
fiat_currency_support,supported_cards_and_currencies,2
transfer_not_received_by_recipient,pending_card_payment,2
transfer_timing,balance_not_updated_after_bank_transfer,2
top_up_failed,pending_top_up,2
transfer_into_account,topping_up_by_card,2
card_payment_wrong_exchange_rate,exchange_rate,2
direct_debit_payment_not_recognised,card_payment_not_recognised,2
cash_withdrawal_charge,declined_cash_withdrawal,2
card_payment_not_recognised,direct_debit_payment_not_recognised,2
cash_withdrawal_not_recognised,balance_not_updated_after_cheque_or_cash_deposit,2
compromised_card,lost_or_stolen_card,2
card_about_to_expire,transfer_timing,1
card_linking,activate_my_card,1
card_payment_wrong_exchange_rate,transaction_charged_twice,1
balance_not_updated_after_cheque_or_cash_deposit,verify_source_of_funds,1
balance_not_updated_after_cheque_or_cash_deposit,transfer_not_received_by_recipient,1
balance_not_updated_after_bank_transfer,transfer_not_received_by_recipient,1
atm_support,country_support,1
automatic_top_up,transfer_timing,1
age_limit,receiving_money,1
activate_my_card,lost_or_stolen_card,1
activate_my_card,card_linking,1
activate_my_card,compromised_card,1
card_not_working,why_verify_identity,1
card_not_working,lost_or_stolen_card,1
card_not_working,card_delivery_estimate,1
card_arrival,card_delivery_estimate,1
card_delivery_estimate,order_physical_card,1
Refund_not_showing_up,reverted_card_payment?,1
declined_transfer,transfer_into_account,1
declined_transfer,beneficiary_not_allowed,1
declined_card_payment,card_not_working,1
declined_card_payment,declined_cash_withdrawal,1
country_support,supported_cards_and_currencies,1
country_support,card_acceptance,1
contactless_not_working,activate_my_card,1
contactless_not_working,failed_transfer,1
compromised_card,card_payment_not_recognised,1
card_swallowed,atm_support,1
card_not_working,failed_transfer,1
card_payment_not_recognised,card_payment_fee_charged,1
card_payment_not_recognised,extra_charge_on_statement,1
card_payment_not_recognised,compromised_card,1
card_payment_wrong_exchange_rate,reverted_card_payment?,1
disposable_card_limits,getting_virtual_card,1
get_physical_card,change_pin,1
fiat_currency_support,receiving_money,1
pending_card_payment,declined_card_payment,1
getting_virtual_card,order_physical_card,1
pending_card_payment,transfer_not_received_by_recipient,1
pending_cash_withdrawal,cash_withdrawal_charge,1
pending_cash_withdrawal,pending_card_payment,1
exchange_charge,exchange_rate,1
exchange_charge,wrong_exchange_rate_for_cash_withdrawal,1
exchange_charge,exchange_via_app,1
failed_transfer,beneficiary_not_allowed,1
extra_charge_on_statement,direct_debit_payment_not_recognised,1
failed_transfer,order_physical_card,1
fiat_currency_support,exchange_via_app,1
direct_debit_payment_not_recognised,request_refund,1
disposable_card_limits,getting_spare_card,1
supported_cards_and_currencies,fiat_currency_support,1
reverted_card_payment?,transfer_not_received_by_recipient,1
reverted_card_payment?,declined_transfer,1
reverted_card_payment?,card_payment_not_recognised,1
pending_transfer,transfer_not_received_by_recipient,1
pending_transfer,balance_not_updated_after_bank_transfer,1
pending_top_up,topping_up_by_card,1
pending_top_up,top_up_reverted,1
lost_or_stolen_card,compromised_card,1
top_up_failed,declined_card_payment,1
top_up_reverted,top_up_failed,1
top_up_reverted,balance_not_updated_after_cheque_or_cash_deposit,1
top_up_by_card_charge,topping_up_by_card,1
top_up_by_card_charge,getting_spare_card,1
supported_cards_and_currencies,visa_or_mastercard,1
supported_cards_and_currencies,topping_up_by_card,1
transfer_into_account,top_up_by_cash_or_cheque,1
transfer_fee_charged,top_up_by_bank_transfer_charge,1
topping_up_by_card,transfer_into_account,1
topping_up_by_card,pending_top_up,1
top_up_reverted,pending_top_up,1
transfer_timing,failed_transfer,1
transfer_not_received_by_recipient,pending_transfer,1
transfer_not_received_by_recipient,balance_not_updated_after_bank_transfer,1
visa_or_mastercard,getting_spare_card,1
transfer_timing,transfer_not_received_by_recipient,1
visa_or_mastercard,supported_cards_and_currencies,1
visa_or_mastercard,order_physical_card,1
wrong_amount_of_cash_received,declined_cash_withdrawal,1
wrong_amount_of_cash_received,pending_cash_withdrawal,1
wrong_exchange_rate_for_cash_withdrawal,atm_support,1
wrong_exchange_rate_for_cash_withdrawal,cash_withdrawal_charge,1
