text,true_category,svm_prediction,textcnn_prediction,distilbert_prediction,error_type,review_note
HOW LONG TO TAKE THE TIME TO SOLVE,card_not_working,card_delivery_estimate,transfer_not_received_by_recipient,card_delivery_estimate,,
what is the leadtime for a new card to show up in the mail?,card_delivery_estimate,card_arrival,card_arrival,card_arrival,,
As far as courtries go which ones are supported?,country_support,wrong_amount_of_cash_received,failed_transfer,supported_cards_and_currencies,,
What cards do you offer?,visa_or_mastercard,getting_spare_card,supported_cards_and_currencies,supported_cards_and_currencies,,
my transfer isn't there,balance_not_updated_after_bank_transfer,transfer_not_received_by_recipient,transfer_not_received_by_recipient,transfer_not_received_by_recipient,,
Are there any hindrances to using a disposable virtual card?,disposable_card_limits,get_disposable_virtual_card,get_disposable_virtual_card,get_disposable_virtual_card,,
Someone else charged my card!,direct_debit_payment_not_recognised,compromised_card,card_payment_fee_charged,card_payment_fee_charged,,
I think someone stole money from my card,cash_withdrawal_not_recognised,lost_or_stolen_card,compromised_card,compromised_card,,
What is not accepted in order for me to top up my account?,top_up_by_cash_or_cheque,top_up_by_bank_transfer_charge,topping_up_by_card,topping_up_by_card,,
Do you accept Mastercard?,supported_cards_and_currencies,visa_or_mastercard,visa_or_mastercard,visa_or_mastercard,,
I added money to the card but the transaction didn't go through,pending_top_up,top_up_failed,transfer_not_received_by_recipient,top_up_failed,,
How do I top up my card?,transfer_into_account,topping_up_by_card,topping_up_by_card,topping_up_by_card,,
What is this fee debit on my account?,extra_charge_on_statement,direct_debit_payment_not_recognised,card_payment_fee_charged,direct_debit_payment_not_recognised,,
What types of currencies do you accept?,supported_cards_and_currencies,fiat_currency_support,fiat_currency_support,fiat_currency_support,,
my card was not in the mail again can you advise?,card_delivery_estimate,declined_card_payment,declined_card_payment,card_arrival,,
My account is  new  why can I  not top up,pending_top_up,topping_up_by_card,topping_up_by_card,topping_up_by_card,,
Will declined funds I tried to withdraw be returned to me?,wrong_amount_of_cash_received,declined_cash_withdrawal,declined_cash_withdrawal,declined_cash_withdrawal,,
I requested for a top-up but it has not reflected,top_up_failed,Refund_not_showing_up,pending_top_up,pending_top_up,,
Why are you keeping my money from me by declining my card? What is going on?,top_up_failed,declined_cash_withdrawal,declined_cash_withdrawal,declined_card_payment,,
I made a transfer recently but it has not changed on my dashboard.,pending_transfer,balance_not_updated_after_bank_transfer,balance_not_updated_after_bank_transfer,balance_not_updated_after_bank_transfer,,
WHAT CAN I DO AFTER THE CARD MISSING,activate_my_card,lost_or_stolen_card,card_arrival,lost_or_stolen_card,,
I need help verifying my identity.,unable_to_verify_identity,why_verify_identity,why_verify_identity,verify_my_identity,,
Where do I top up?,top_up_by_cash_or_cheque,pending_top_up,topping_up_by_card,topping_up_by_card,,
How long does it take for money to reach my account?,balance_not_updated_after_bank_transfer,transfer_timing,transfer_timing,transfer_timing,,
Why did they take more money out then I withdrawed?,cash_withdrawal_charge,reverted_card_payment?,wrong_amount_of_cash_received,declined_cash_withdrawal,,
When will the transaction go through?,pending_card_payment,transfer_not_received_by_recipient,transfer_not_received_by_recipient,transfer_not_received_by_recipient,,
"I am wanting to refill my card, is there a charge?",top_up_by_card_charge,card_payment_fee_charged,card_payment_fee_charged,getting_spare_card,,
How come my money hasn't shown up yet?,transfer_not_received_by_recipient,verify_source_of_funds,pending_top_up,balance_not_updated_after_bank_transfer,,
I misplaced my card and I dont know where the last place is where I used the card last. Can you look at my account and tell me the last place I used the card?,lost_or_stolen_card,card_acceptance,compromised_card,compromised_card,,
I think I was charged a different exchange rate than what was posted at the time.,wrong_exchange_rate_for_cash_withdrawal,transaction_charged_twice,card_payment_wrong_exchange_rate,card_payment_wrong_exchange_rate,,
How can I top-up my card?,top_up_by_cash_or_cheque,topping_up_by_card,topping_up_by_card,topping_up_by_card,,
Why is there some cash that I did not deposit in my account?,cash_withdrawal_not_recognised,balance_not_updated_after_cheque_or_cash_deposit,balance_not_updated_after_cheque_or_cash_deposit,balance_not_updated_after_cheque_or_cash_deposit,,
What should I do to get transactions off of my account if I didn't make them?  My card must have been compromised and I need to freeze it asap!,card_payment_not_recognised,compromised_card,compromised_card,compromised_card,,
My card is being declined for a purchase. I bought items before and the card worked. Do you know what the problem is?,reverted_card_payment?,declined_card_payment,declined_transfer,declined_transfer,,
Why is the transaction to my friend still pending?,transfer_not_received_by_recipient,pending_cash_withdrawal,pending_cash_withdrawal,pending_card_payment,,
How do I check security settings using the app?,card_not_working,compromised_card,compromised_card,why_verify_identity,,
Why has my payment not gone through?,pending_card_payment,declined_card_payment,declined_card_payment,declined_card_payment,,
Whats wrong with my currency exchange?,wrong_exchange_rate_for_cash_withdrawal,exchange_via_app,card_payment_wrong_exchange_rate,card_payment_wrong_exchange_rate,,
A random charge got added to my card,card_payment_not_recognised,extra_charge_on_statement,card_payment_fee_charged,card_payment_fee_charged,,
I'm not sure how to provide my identity.,unable_to_verify_identity,verify_my_identity,why_verify_identity,verify_my_identity,,
I have an unknown charge.,direct_debit_payment_not_recognised,card_payment_not_recognised,card_payment_fee_charged,card_payment_not_recognised,,
Why is the exchange rate different than expected on my transaction?,wrong_exchange_rate_for_cash_withdrawal,card_payment_wrong_exchange_rate,card_payment_wrong_exchange_rate,card_payment_wrong_exchange_rate,,
I couldnt transfer money from my account.,failed_transfer,transfer_timing,transfer_into_account,beneficiary_not_allowed,,
Why did I get a different card then requested?,visa_or_mastercard,wrong_amount_of_cash_received,cash_withdrawal_not_recognised,getting_spare_card,,
Am I able to exchange currencies?,fiat_currency_support,exchange_via_app,exchange_via_app,exchange_via_app,,
"I tried to top up, but it didn't finish.",pending_top_up,top_up_failed,top_up_failed,top_up_failed,,
how do i dispute a payment I didnt make,card_payment_not_recognised,direct_debit_payment_not_recognised,direct_debit_payment_not_recognised,direct_debit_payment_not_recognised,,
When will my transfer process?,balance_not_updated_after_bank_transfer,transfer_timing,pending_transfer,transfer_timing,,
Why is it taking so long for my money to appear in my account? I have been waiting a week!,balance_not_updated_after_cheque_or_cash_deposit,Refund_not_showing_up,transfer_not_received_by_recipient,transfer_not_received_by_recipient,,
how long dies it take for transfers to reflect on my balance,transfer_timing,balance_not_updated_after_bank_transfer,balance_not_updated_after_bank_transfer,balance_not_updated_after_bank_transfer,,
Can you check if my money has reached my account since it is not showing up yet?,balance_not_updated_after_bank_transfer,why_verify_identity,Refund_not_showing_up,transfer_timing,,
When will my transfer be available in my account.,balance_not_updated_after_bank_transfer,transfer_timing,transfer_timing,transfer_timing,,
Is there an alternative to a physical card?,getting_virtual_card,order_physical_card,order_physical_card,order_physical_card,,
I have a pending transaction,pending_transfer,pending_card_payment,pending_card_payment,pending_card_payment,,
can i create my own pin right away,get_physical_card,change_pin,change_pin,change_pin,,
My money I added isn't on my card.,top_up_failed,topping_up_by_card,topping_up_by_card,top_up_reverted,,
whats your exchange rate,exchange_charge,exchange_rate,exchange_rate,exchange_rate,,
What happened to the money that I deposited?,top_up_reverted,balance_not_updated_after_cheque_or_cash_deposit,balance_not_updated_after_cheque_or_cash_deposit,balance_not_updated_after_cheque_or_cash_deposit,,
where do you have locations at,country_support,order_physical_card,order_physical_card,card_acceptance,,
I wanted to know why my transaction didn't go through.,declined_transfer,wrong_amount_of_cash_received,failed_transfer,failed_transfer,,
What do i need to verify my id?,unable_to_verify_identity,verify_my_identity,verify_my_identity,verify_my_identity,,
"i am not a premium customer but i want a virtual card, how do i get it",disposable_card_limits,getting_virtual_card,getting_virtual_card,getting_virtual_card,,
can i use my mastercard to add money to my account,supported_cards_and_currencies,visa_or_mastercard,topping_up_by_card,topping_up_by_card,,
"I haven't received my transfer funds yet, where are they?",pending_transfer,transfer_not_received_by_recipient,transfer_not_received_by_recipient,transfer_not_received_by_recipient,,
I tried to purchase airline tickets online this morning and my card information isn't working. Is there something going on with my account?,card_not_working,virtual_card_not_working,beneficiary_not_allowed,failed_transfer,,
Why does it still charge me even though I was unable to withdraw money from the ATM?,pending_cash_withdrawal,declined_cash_withdrawal,declined_cash_withdrawal,cash_withdrawal_charge,,
What methods can I use to add money to my account?,transfer_into_account,supported_cards_and_currencies,supported_cards_and_currencies,top_up_by_cash_or_cheque,,
How can I tell if an AMT will take this card?,atm_support,card_acceptance,card_acceptance,country_support,,
"Even though I added money ey to the card, I couldn't use it",pending_top_up,why_verify_identity,declined_cash_withdrawal,top_up_failed,,
I topped up but the app did not accept it.,top_up_failed,top_up_reverted,top_up_reverted,top_up_reverted,,
I topped up my account but the money isn't there now.,topping_up_by_card,top_up_reverted,top_up_reverted,pending_top_up,,
the conversion value for my card payments is incorrect.,card_payment_wrong_exchange_rate,wrong_exchange_rate_for_cash_withdrawal,card_payment_fee_charged,reverted_card_payment?,,
What are the available cards?,visa_or_mastercard,order_physical_card,order_physical_card,order_physical_card,,
Why was my account assessed a fee?,extra_charge_on_statement,cash_withdrawal_charge,card_payment_fee_charged,card_payment_fee_charged,,
Trouble transferring transaction contact for help,declined_transfer,cancel_transfer,transaction_charged_twice,beneficiary_not_allowed,,
I am not able to make a purchase because there is an issue with my card,reverted_card_payment?,card_payment_not_recognised,card_payment_fee_charged,card_payment_not_recognised,,
Can you explain why my payment is still pending?,pending_transfer,pending_card_payment,pending_card_payment,pending_card_payment,,
Is my card frozen?,card_not_working,lost_or_stolen_card,declined_card_payment,lost_or_stolen_card,,
What went wrong with my transfer?,declined_transfer,failed_transfer,failed_transfer,failed_transfer,,
How do i transfer something faster than normal?,transfer_timing,declined_transfer,transfer_into_account,failed_transfer,,
Please tell me how you can stop unauthorized payments from being made on my card since on this bill I see that this has happened. There are transactions that I never made from a place I've never been to.,compromised_card,card_payment_not_recognised,card_payment_not_recognised,card_payment_not_recognised,,
Is my top up not working?,pending_top_up,top_up_failed,top_up_failed,top_up_failed,,
What are your policies for card transfers?,failed_transfer,order_physical_card,transfer_fee_charged,order_physical_card,,
i do not know what this charge is for,direct_debit_payment_not_recognised,card_payment_not_recognised,card_payment_fee_charged,card_payment_fee_charged,,
what is this charge i didnt do it what can i do,direct_debit_payment_not_recognised,extra_charge_on_statement,visa_or_mastercard,card_payment_not_recognised,,
How long does a funds transfer take from one back to another?,transfer_timing,transfer_into_account,pending_transfer,transfer_not_received_by_recipient,,
"My card info was stolen, what do I do?",compromised_card,lost_or_stolen_card,lost_or_stolen_card,lost_or_stolen_card,,
how can the money machine keep my card what do i need to do?,card_swallowed,atm_support,atm_support,atm_support,,
what is this charge on my card?,direct_debit_payment_not_recognised,card_payment_fee_charged,card_payment_fee_charged,card_payment_fee_charged,,
how do I speed up identity verification?,why_verify_identity,verify_my_identity,verify_my_identity,verify_my_identity,,
I was the victim of someone stealing my wallet.  My card is being used and it isn't me.  What should I do?,cash_withdrawal_not_recognised,compromised_card,compromised_card,compromised_card,,
How do I contact customer support about a transfer?,declined_transfer,transfer_fee_charged,transfer_fee_charged,transfer_into_account,,
Why is there an uknown charge showing on my account?,card_payment_not_recognised,extra_charge_on_statement,card_payment_fee_charged,extra_charge_on_statement,,
Why didnt my top up go through,top_up_reverted,top_up_failed,top_up_failed,top_up_failed,,
Why is the exchange rate different from what I expected?,card_payment_wrong_exchange_rate,exchange_rate,exchange_rate,exchange_rate,,
